{
  "OLS-3_L2": {
    "mvel1": -0.0038896336028500234,
    "bm": 0.0006566993308661876,
    "mom12m": 0.006850312845196993
  },
  "OLS-3_Huber": {
    "mvel1": -0.0050059351980424145,
    "bm": 0.00837262928671744,
    "mom12m": -0.007928586983923958
  },
  "OLS-all_L2": {
    "mom1m": -0.0016875686532057954,
    "chmom": 0.0003673070745137859,
    "indmom": -1.3471350309379737e-05,
    "mom12m": 6.016966752906786e-05,
    "std_turn": 7.987624352279177e-06,
    "maxret": -0.001629826304380318,
    "sp": -0.00024191492279390658,
    "turn": -0.0003262385439326924,
    "mvel1": 0.018437437142563778,
    "chcsho": 0.0,
    "mom6m": 0.0013287030466464882,
    "rd_mve": 4.3943727487116835e-05,
    "agr": 7.27324937190484e-05,
    "ep": 2.8997221546496938e-05,
    "invest": -8.22610987118259e-05,
    "dolvol": 0.055467339129400384,
    "cashpr": -0.002232887104699155,
    "depr": -5.2908747651366404e-05,
    "nincr": 0.008514458845048497,
    "bm": 0.0005135906197046847,
    "lgr": -2.2160828396104264e-05,
    "retvol": 1.217010529623123e-05,
    "chinv": 3.054135814565632e-06,
    "operprof": 6.012757860285323e-05,
    "bm_ia": -1.633751148544249e-05,
    "lev": -0.0005277078314960456,
    "mom36m": 0.003433501237903258,
    "ill": 1.851752765569259e-07,
    "ps": -0.0030079335390458353,
    "sic2": 0.03447940612435533,
    "securedind": 0.01699838577171171,
    "dy": -3.143372616618937e-05,
    "baspread": 1.3061100184730279e-06,
    "convind": -0.0007007192038725832,
    "idiovol": -0.00044196857251789973,
    "beta": -0.0024339680354142357,
    "betasq": -0.004757169294159165,
    "age": 0.02699550739294578,
    "zerotrade": -0.00023694639147327687,
    "dp": 0.12341901117587444,
    "ep.1": 6.090878189612958e-05,
    "bm.1": 8.47396672538266e-05,
    "ntis": -1.0522191414471157e-08,
    "tms": 1.0817630775594722e-06,
    "dfy": 0.0,
    "svar": 5.736547264064326e-07,
    "sic2_10": 0.0,
    "sic2_11": 0.0,
    "sic2_12": 0.0,
    "sic2_13": 0.0,
    "sic2_14": 0.0,
    "sic2_15": 0.0,
    "sic2_16": 0.004061306699689367,
    "sic2_17": 0.0,
    "sic2_18": 0.0,
    "sic2_19": 0.0005473161144957753,
    "sic2_20": 0.0,
    "sic2_21": 0.004181751413968667,
    "sic2_22": 0.0,
    "sic2_23": 0.0,
    "sic2_24": 0.0020384155394870818,
    "sic2_25": 0.0,
    "sic2_26": 0.0,
    "sic2_27": 0.0,
    "sic2_28": 0.0,
    "sic2_29": 0.0,
    "sic2_30": 0.0,
    "sic2_31": 0.0,
    "sic2_32": 0.0,
    "sic2_33": 0.0,
    "sic2_34": 0.0,
    "sic2_35": 0.0,
    "sic2_36": 0.0,
    "sic2_37": 0.005406853507764005,
    "sic2_38": 0.0,
    "sic2_39": 0.0,
    "sic2_40": 0.0,
    "sic2_41": 0.0,
    "sic2_42": 0.0,
    "sic2_43": -0.00012054476603221935,
    "sic2_44": 0.003495238984017638,
    "sic2_45": 0.0,
    "sic2_46": 0.0,
    "sic2_47": 0.0,
    "sic2_48": 0.0,
    "sic2_49": 0.0,
    "sic2_50": 0.0,
    "sic2_51": 0.0,
    "sic2_52": 0.0,
    "sic2_53": 0.0,
    "sic2_54": 0.0,
    "sic2_55": 0.0,
    "sic2_56": 0.0,
    "sic2_57": 0.0,
    "sic2_58": 0.0,
    "sic2_59": 0.0,
    "sic2_60": 0.004402757966476684,
    "sic2_61": 9.926856602634111e-05,
    "sic2_62": 0.0,
    "sic2_63": 0.0,
    "sic2_64": 0.0,
    "sic2_65": 0.0,
    "sic2_66": 0.002126291129540362,
    "sic2_67": 0.0,
    "sic2_68": 0.0,
    "sic2_69": 0.0,
    "sic2_70": 0.0,
    "sic2_71": 0.0,
    "sic2_72": 0.0,
    "sic2_73": 0.0,
    "sic2_74": 0.0,
    "sic2_75": 0.002367827862465551,
    "sic2_76": 0.0,
    "sic2_77": 0.0,
    "sic2_78": 0.0,
    "sic2_79": 0.0,
    "sic2_80": 0.0,
    "sic2_81": 0.0,
    "sic2_82": 0.0,
    "sic2_83": -0.012792911857990493,
    "sic2_84": 0.0,
    "sic2_85": 0.0,
    "sic2_86": 0.0,
    "sic2_87": 0.0,
    "sic2_88": 0.0,
    "sic2_89": 0.0017685976665672103,
    "sic2_90": 0.0,
    "sic2_91": 0.0,
    "sic2_92": 0.0,
    "sic2_93": 0.0034856285277454213,
    "sic2_94": 0.0,
    "sic2_95": -0.0025577014867232037,
    "sic2_96": 0.0,
    "sic2_97": 0.0,
    "sic2_98": 0.0,
    "sic2_99": -0.0016307807514201282
  },
  "OLS-all_Huber": {
    "mom1m": 0.006537201871361836,
    "chmom": 0.0024438256976910266,
    "indmom": -0.000587492929925724,
    "mom12m": -0.00020277182941783045,
    "std_turn": 0.009116229885048796,
    "maxret": 0.006872845789963888,
    "sp": -0.0036349949166377036,
    "turn": -0.007208282898093471,
    "mvel1": -0.005840081052680801,
    "chcsho": 0.0,
    "mom6m": -0.0011925459917039212,
    "rd_mve": -0.0017767674714209054,
    "agr": -0.0011961795166343474,
    "ep": -0.0022897523794071137,
    "invest": 3.768828957380806e-05,
    "dolvol": -0.004430799023748359,
    "cashpr": -0.001473573131288088,
    "depr": 0.0011585890274171857,
    "nincr": 0.004493813383642724,
    "bm": -0.0005677998580946771,
    "lgr": 0.004091602282062938,
    "retvol": -0.0010829353145065945,
    "chinv": 0.0057472826282861005,
    "operprof": -0.008614740255250775,
    "bm_ia": -0.00118301212373866,
    "lev": -0.013220419635083266,
    "mom36m": -0.002231488852971993,
    "ill": 0.0017078137338872683,
    "ps": -0.0005918522611405111,
    "sic2": 0.00019057092459804728,
    "securedind": -0.003974330568131901,
    "dy": -0.005260791766313888,
    "baspread": 0.00020515894437888224,
    "convind": -0.002050267366228394,
    "idiovol": -0.0035342381763986963,
    "beta": 0.0035364826246466197,
    "betasq": 0.0006592729747578371,
    "age": -0.0013670241531008875,
    "zerotrade": 0.0016618643716318955,
    "dp": 0.0073352570023243096,
    "ep.1": 0.0004080422487134176,
    "bm.1": -0.004079578922321886,
    "ntis": -1.706923520899961e-05,
    "tms": -0.000603926597911549,
    "dfy": 0.0,
    "svar": 0.00014888030427475293,
    "sic2_10": 0.0,
    "sic2_11": 0.0,
    "sic2_12": 0.0,
    "sic2_13": 0.0,
    "sic2_14": 0.0,
    "sic2_15": 0.0,
    "sic2_16": 0.0013673890755266371,
    "sic2_17": 0.0,
    "sic2_18": 0.0,
    "sic2_19": -0.006585209445488849,
    "sic2_20": 0.0,
    "sic2_21": 0.002919158365149286,
    "sic2_22": 0.0,
    "sic2_23": 0.0,
    "sic2_24": 0.009112479847299052,
    "sic2_25": 0.0,
    "sic2_26": 0.0,
    "sic2_27": 0.0,
    "sic2_28": 0.0,
    "sic2_29": 0.0,
    "sic2_30": 0.0,
    "sic2_31": 0.0,
    "sic2_32": 0.0,
    "sic2_33": 0.0,
    "sic2_34": 0.0,
    "sic2_35": 0.0,
    "sic2_36": 0.0,
    "sic2_37": -0.0008355470001885265,
    "sic2_38": 0.0,
    "sic2_39": 0.0,
    "sic2_40": 0.0,
    "sic2_41": 0.0,
    "sic2_42": 0.0,
    "sic2_43": 0.006038720067776754,
    "sic2_44": -0.006206433464119134,
    "sic2_45": 0.0,
    "sic2_46": 0.0,
    "sic2_47": 0.0,
    "sic2_48": 0.0,
    "sic2_49": 0.0,
    "sic2_50": 0.0,
    "sic2_51": 0.0,
    "sic2_52": 0.0,
    "sic2_53": 0.0,
    "sic2_54": 0.0,
    "sic2_55": 0.0,
    "sic2_56": 0.0,
    "sic2_57": 0.0,
    "sic2_58": 0.0,
    "sic2_59": 0.0,
    "sic2_60": 0.013908227324958064,
    "sic2_61": 0.005890554389061016,
    "sic2_62": 0.0,
    "sic2_63": 0.0,
    "sic2_64": 0.0,
    "sic2_65": 0.0,
    "sic2_66": -0.006781347980120626,
    "sic2_67": 0.0,
    "sic2_68": 0.0,
    "sic2_69": 0.0,
    "sic2_70": 0.0,
    "sic2_71": 0.0,
    "sic2_72": 0.0,
    "sic2_73": 0.0,
    "sic2_74": 0.0,
    "sic2_75": -0.002653894220423031,
    "sic2_76": 0.0,
    "sic2_77": 0.0,
    "sic2_78": 0.0,
    "sic2_79": 0.0,
    "sic2_80": 0.0,
    "sic2_81": 0.0,
    "sic2_82": 0.0,
    "sic2_83": -0.010045587879931475,
    "sic2_84": 0.0,
    "sic2_85": 0.0,
    "sic2_86": 0.0,
    "sic2_87": 0.0,
    "sic2_88": 0.0,
    "sic2_89": -0.0017155937824239187,
    "sic2_90": 0.0,
    "sic2_91": 0.0,
    "sic2_92": 0.0,
    "sic2_93": -0.014374933474570186,
    "sic2_94": 0.0,
    "sic2_95": -0.0017676525552551374,
    "sic2_96": 0.0,
    "sic2_97": 0.0,
    "sic2_98": 0.0,
    "sic2_99": 0.0003591474984450486
  },
  "OLS-all_Huber-EN": {
    "mom1m": 0.0,
    "chmom": 0.0,
    "indmom": 0.0,
    "mom12m": 0.0,
    "std_turn": 0.0,
    "maxret": 0.0,
    "sp": 0.0,
    "turn": 0.0,
    "mvel1": -0.0004997253720689191,
    "chcsho": 0.0,
    "mom6m": 0.0,
    "rd_mve": 0.0,
    "agr": 0.0,